Title,Year,Rated,Released,Runtime,Genre,Director,Writer,Actors,Plot,Language,Country,Awards,Poster,Ratings,Metascore,imdbRating,imdbVotes,imdbID,Type,DVD,BoxOffice,Production,Website,Response
10 Double Zero,2017,N/A,N/A,N/A,Crime,Christian Sesma,"Christian Sesma, Paul Sloan, Nick Vallelonga",N/A,"DET. DANA REEVES is infamous for crossing the line when she has to. After several fellow officers are killed in a brazen public shootout with bank robbers, Reeves and her partner, DET. ...",English,USA,N/A,N/A,[],N/A,N/A,N/A,tt5843576,movie,N/A,N/A,N/A,N/A,True
The Croods 2,2020,N/A,23 Dec 2020,N/A,"Animation, Adventure, Comedy, Family, Fantasy",Joel Crawford,"Kirk DeMicco (creator), Dan Hageman (screenplay), Kevin Hageman (screenplay), Chris Sanders (creator)","Nicolas Cage, Ryan Reynolds, Emma Stone, Kat Dennings","The prehistoric family the Croods are challenged by a rival family the Bettermans, who claim to be better and more evolved.",English,USA,N/A,https://m.media-amazon.com/images/M/MV5BNTc1M2YxNjUtYzc3ZS00Mjc2LThlMzEtOTVjYmEyNDE4YWQwXkEyXkFqcGdeQXVyNzgzMjAzNzc@._V1_SX300.jpg,[],N/A,N/A,N/A,tt2850386,movie,N/A,N/A,20th Century Fox,N/A,True
Pig,2020,N/A,N/A,N/A,Drama,Michael Sarnoski,"Vanessa Block, Michael Sarnoski, Michael Sarnoski","Nicolas Cage, Alex Wolff, Adam Arkin, Nina Belforte",A truffle hunter who lives alone in the Oregonian wilderness must return to his past in Portland in search of his beloved foraging pig after she is kidnapped.,English,USA,N/A,N/A,[],N/A,N/A,N/A,tt11003218,movie,N/A,N/A,N/A,N/A,True
Prisoners of the Ghostland,2020,N/A,N/A,N/A,"Action, Horror, Thriller",Sion Sono,"Aaron Hendry, Reza Sixo Safai (screenplay)","Nicolas Cage, Sofia Boutella, Ed Skrein, Teresa Ruiz",A notorious criminal must break an evil curse in order to rescue an abducted girl who has mysteriously disappeared.,English,"Japan, USA",N/A,https://m.media-amazon.com/images/M/MV5BNWQ0NTg0ZDAtM2U3MS00OGE1LTk4NTUtZGEzM2U5MDhjODQ2XkEyXkFqcGdeQXVyMTA1MDIxODk4._V1_SX300.jpg,[],N/A,N/A,N/A,tt6372694,movie,N/A,N/A,N/A,N/A,True
Jiu Jitsu,2020,N/A,09 Jul 2020,N/A,"Action, Fantasy",Dimitri Logothetis,"Dimitri Logothetis (Writer), Jim McGrath (Writer)","Nicolas Cage, Marie Avgeropoulos, Frank Grillo, Tony Jaa","A new Sci-Fi Martial Arts franchise from Dimitri Logothetis, Director/Producer of Kickboxer: Retaliation.",N/A,USA,N/A,https://m.media-amazon.com/images/M/MV5BYjFlMGU5NGItOGEwNS00NjQxLWEyZDUtMjAxMThkODI2OTM1XkEyXkFqcGdeQXVyMDk0MTk4MA@@._V1_SX300.jpg,[],N/A,N/A,N/A,tt9624766,movie,N/A,N/A,N/A,N/A,True
Grand Isle,2019,N/A,06 Dec 2019,97 min,"Action, Thriller",Stephen S. Campanelli,"Iver William Jallah, Rich Ronat","Nicolas Cage, KaDee Strickland, Luke Benward, Kelsey Grammer",A young father is charged for murder and must prove his innocence through recalling a very twisted and dark night of events.,English,USA,N/A,https://m.media-amazon.com/images/M/MV5BNDAyN2M2OTgtMjc5Ni00MDJiLTk0OWEtMWI3MDA0NzNjZmRkXkEyXkFqcGdeQXVyNDExMzMxNjE@._V1_SX300.jpg,"[{'Source': 'Internet Movie Database', 'Value': '4.6/10'}, {'Source': 'Metacritic', 'Value': '29/100'}]",29,4.6,897,tt8380776,movie,N/A,N/A,N/A,N/A,True
Primal,2019,R,08 Nov 2019,97 min,Action,Nick Powell,Richard Leder,"Nicolas Cage, Famke Janssen, Kevin Durand, Michael Imperioli",Frank's caught wildlife in the Brazilian jungle incl. a 400 lbs. white jaguar. He ships it on the same ship as an arrested assassin. The assassin breaks free and frees the animals.,English,USA,N/A,https://m.media-amazon.com/images/M/MV5BZThhM2Y1NjItMGE1NS00NWQ4LTliM2ItZDA5ZDNjYjk0YTE0XkEyXkFqcGdeQXVyMzQwMTY2Nzk@._V1_SX300.jpg,"[{'Source': 'Internet Movie Database', 'Value': '4.8/10'}, {'Source': 'Metacritic', 'Value': '32/100'}]",32,4.8,"2,656",tt7394816,movie,N/A,N/A,N/A,N/A,True
Kill Chain,2019,R,18 Oct 2019,91 min,"Action, Thriller",Ken Sanzel,Ken Sanzel,"Nicolas Cage, Ryan Kwanten, Enrico Colantoni, Anabelle Acosta",Three strangers' lives are inevitably entangled in a conflict none of them are prepared for.,English,USA,N/A,https://m.media-amazon.com/images/M/MV5BNDk0YWRhOWEtMjRlZi00M2RjLWJmOTAtZTVkNWY5Yzg5NGE5XkEyXkFqcGdeQXVyMTA4MzI0NDQz._V1_SX300.jpg,"[{'Source': 'Internet Movie Database', 'Value': '5.1/10'}]",N/A,5.1,"1,954",tt8535180,movie,N/A,N/A,N/A,N/A,True
Running with the Devil,2019,R,20 Sep 2019,100 min,"Crime, Drama, Thriller",Jason Cabell,Jason Cabell,"Nicolas Cage, Natalia Reyes, Cole Hauser, Leslie Bibb",The CEO of an international conglomerate sends two of his most regarded executives to investigate why shipments of cocaine are being hijacked and over cut somewhere on the supply chain.,"English, Spanish","Colombia, USA",N/A,https://m.media-amazon.com/images/M/MV5BN2JjZWU0MTUtZDNkMC00MmViLTg1MDAtNzI1OTNlODJhN2E3XkEyXkFqcGdeQXVyMTA1MDIxODk4._V1_SX300.jpg,"[{'Source': 'Internet Movie Database', 'Value': '5.4/10'}, {'Source': 'Rotten Tomatoes', 'Value': '25%'}, {'Source': 'Metacritic', 'Value': '42/100'}]",42,5.4,"3,985",tt5792656,movie,20 Sep 2019,N/A,Quiver Distribution,N/A,True
Color Out of Space,2019,Unrated,05 Feb 2020,111 min,"Horror, Sci-Fi",Richard Stanley,"Scarlett Amaris, H.P. Lovecraft (based on the short story by), Richard Stanley (screenplay)","Nicolas Cage, Joely Richardson, Madeleine Arthur, Elliot Knight",A secluded farm is struck by a strange meteorite which has apocalyptic consequences for the family living there and possibly the world.,English,"Malaysia, Portugal, USA",2 wins & 1 nomination.,https://m.media-amazon.com/images/M/MV5BZjQ1YTM4M2UtMTQxNS00YjdjLTgwZGYtZTgzYmFiYjFkYzNlXkEyXkFqcGdeQXVyMTkxNjUyNQ@@._V1_SX300.jpg,"[{'Source': 'Internet Movie Database', 'Value': '6.3/10'}, {'Source': 'Rotten Tomatoes', 'Value': '85%'}, {'Source': 'Metacritic', 'Value': '70/100'}]",70,6.3,"6,188",tt5073642,movie,N/A,N/A,RLJE Films,N/A,True
A Score to Settle,2019,Not Rated,02 Aug 2019,103 min,"Action, Crime, Drama, Thriller",Shawn Ku,"John Stuart Newman, John Stuart Newman","Nicolas Cage, Benjamin Bratt, Noah Le Gros, Karolina Wydra",An ex-enforcer for a local crime syndicate has vowed to enact retribution on his mob bosses after 19 years of wrongful imprisonment. The only thing diverting his violent plans is a new found relationship to his beloved son.,"English, Spanish, Italian","Canada, USA",N/A,https://m.media-amazon.com/images/M/MV5BOWIzODA0NmUtYmQyMS00NmU3LTlkZjQtNmJlMGJlNmU0ZWIzXkEyXkFqcGdeQXVyMTA1MDIxODk4._V1_SX300.jpg,"[{'Source': 'Internet Movie Database', 'Value': '4.5/10'}, {'Source': 'Rotten Tomatoes', 'Value': '15%'}, {'Source': 'Metacritic', 'Value': '37/100'}]",37,4.5,"2,477",tt3758162,movie,02 Aug 2019,N/A,RLJE Films,N/A,True
Spider-Man: Into the Spider-Verse,2018,PG,14 Dec 2018,117 min,"Animation, Action, Adventure, Family, Sci-Fi","Bob Persichetti, Peter Ramsey, Rodney Rothman","Phil Lord (screenplay by), Rodney Rothman (screenplay by), Phil Lord (story by)","Shameik Moore, Jake Johnson, Hailee Steinfeld, Mahershala Ali","Teen Miles Morales becomes Spider-Man of his reality, crossing his path with five counterparts from other dimensions to stop a threat for all realities.","English, Spanish",USA,Won 1 Oscar. Another 75 wins & 53 nominations.,https://m.media-amazon.com/images/M/MV5BMjMwNDkxMTgzOF5BMl5BanBnXkFtZTgwNTkwNTQ3NjM@._V1_SX300.jpg,"[{'Source': 'Internet Movie Database', 'Value': '8.4/10'}, {'Source': 'Rotten Tomatoes', 'Value': '97%'}, {'Source': 'Metacritic', 'Value': '87/100'}]",87,8.4,"296,909",tt4633694,movie,26 Feb 2019,N/A,Sony Pictures,N/A,True
Between Worlds,2018,R,21 Dec 2018,90 min,"Drama, Fantasy, Thriller",Maria Pulera,Maria Pulera,"Nicolas Cage, Franka Potente, Penelope Mitchell, Garrett Clayton","Joe meets a mother who can contact spirits when suffocating. Her daughter is dying when Joe helps the mother spiritually contact the daughter and save her. Unfortunately, the spirit in the daughter's body is now that of Joe's dead wife.",English,Spain,N/A,https://m.media-amazon.com/images/M/MV5BZjQ3YWUwMjItMzJkYy00ZTc4LTk2ZmEtMGJkMmYwMjYwNTdiXkEyXkFqcGdeQXVyNjg3MDMxNzU@._V1_SX300.jpg,"[{'Source': 'Internet Movie Database', 'Value': '4.6/10'}, {'Source': 'Rotten Tomatoes', 'Value': '29%'}, {'Source': 'Metacritic', 'Value': '24/100'}]",24,4.6,"5,020",tt7295450,movie,26 Feb 2019,N/A,N/A,N/A,True
Teen Titans GO! to the Movies,2018,PG,27 Jul 2018,84 min,"Animation, Action, Adventure, Comedy, Family, Musical, Sci-Fi","Aaron Horvath, Peter Rida Michail","Michael Jelenic, Aaron Horvath, Jerry Siegel (Superman created by), Joe Shuster (Superman created by), Marv Wolfman (based on characters created by), George Pérez (based on characters created by), Arnold Drake (based on characters created by), Bob Kane (Batman and Robin created by), Bill Finger (Batman and Robin created by), William Moulton Marston (Wonder Woman created by)","Greg Cipes, Scott Menville, Khary Payton, Tara Strong",A villain's maniacal plan for world domination sidetracks five teenage superheroes who dream of Hollywood stardom.,English,USA,8 nominations.,https://m.media-amazon.com/images/M/MV5BOTZhMTIwZDUtYjZjZS00MmViLTg3NzEtNWE5NzI1NDUwNDJmXkEyXkFqcGdeQXVyODQxMTI4MjM@._V1_SX300.jpg,"[{'Source': 'Internet Movie Database', 'Value': '6.8/10'}, {'Source': 'Rotten Tomatoes', 'Value': '91%'}, {'Source': 'Metacritic', 'Value': '69/100'}]",69,6.8,"14,615",tt7424200,movie,30 Oct 2018,N/A,Warner Bros. Pictures,N/A,True
211,2018,R,08 Jun 2018,86 min,"Action, Crime, Drama",York Alec Shackleton,"York Alec Shackleton (based on a screenplay by), John Rebus (screenplay by)","Nicolas Cage, Sophie Skelton, Michael Rainey Jr., Dwayne Cameron","While on a routine patrol, an aging cop, his partner and their ride-along get caught in a standoff with a band of former mercenaries robbing a bank.",English,"USA, Bulgaria",N/A,https://m.media-amazon.com/images/M/MV5BMTkxNjA0MjMzNF5BMl5BanBnXkFtZTgwNTM2NzczNTM@._V1_SX300.jpg,"[{'Source': 'Internet Movie Database', 'Value': '4.4/10'}, {'Source': 'Rotten Tomatoes', 'Value': '5%'}, {'Source': 'Metacritic', 'Value': '21/100'}]",21,4.4,"6,040",tt4976192,movie,10 Jul 2018,N/A,Momentum Pictures,N/A,True
Looking Glass,2018,R,16 Feb 2018,103 min,"Mystery, Thriller",Tim Hunter,Jerry Rapp,"Nicolas Cage, Robin Tunney, Marc Blucas, Ernie Lively","A couple buy a desert motel where they find that strange, mysterious events occur.",English,"Canada, USA",N/A,https://m.media-amazon.com/images/M/MV5BMTYxMzg1OTI3Nl5BMl5BanBnXkFtZTgwOTQ4Njk2NDM@._V1_SX300.jpg,"[{'Source': 'Internet Movie Database', 'Value': '4.6/10'}, {'Source': 'Rotten Tomatoes', 'Value': '17%'}, {'Source': 'Metacritic', 'Value': '33/100'}]",33,4.6,"4,600",tt6083648,movie,03 Apr 2018,N/A,Momentum Pictures,N/A,True
Mandy,2018,Not Rated,14 Sep 2018,121 min,"Action, Fantasy, Horror, Mystery, Thriller",Panos Cosmatos,"Panos Cosmatos, Aaron Stewart-Ahn, Panos Cosmatos (story by), Chris 'Casper' Kelly (Cheddar Goblin ad)","Nicolas Cage, Andrea Riseborough, Linus Roache, Ned Dennehy","The enchanted lives of a couple in a secluded forest are brutally shattered by a nightmarish hippie cult and their demon-biker henchmen, propelling a man into a spiraling, surreal rampage of vengeance.",English,"UK, Belgium, USA",12 wins & 40 nominations.,https://m.media-amazon.com/images/M/MV5BMjk1MjhmZWQtNzU3OC00NDE4LThlODQtNTdhZGM4M2E3MWZkXkEyXkFqcGdeQXVyMTMxODk2OTU@._V1_SX300.jpg,"[{'Source': 'Internet Movie Database', 'Value': '6.6/10'}, {'Source': 'Rotten Tomatoes', 'Value': '91%'}, {'Source': 'Metacritic', 'Value': '81/100'}]",81,6.6,"52,667",tt6998518,movie,30 Oct 2018,N/A,RLJE Films,N/A,True
Dark,2017,N/A,11 Dec 2017,75 min,"Drama, Thriller",Paul Schrader,Paul Schrader,"Nicolas Cage, Irène Jacob, Anton Yelchin",N/A,English,USA,N/A,https://m.media-amazon.com/images/M/MV5BZmVjNThiNjAtYTE5Yi00OGZjLWIyNmYtMWNlOWEyMzZiZTkzXkEyXkFqcGdeQXVyMDY4MzkyNw@@._V1_SX300.jpg,"[{'Source': 'Internet Movie Database', 'Value': '7.8/10'}]",N/A,7.8,20,tt10690676,movie,N/A,N/A,N/A,N/A,True
The Humanity Bureau,2017,R,06 Apr 2018,95 min,"Action, Adventure, Sci-Fi, Thriller",Rob W. King,Dave Schultz,"Nicolas Cage, Sarah Lind, Jakob Davies, Hugh Dillon",A dystopian thriller set in the year 2030 that sees the world in a permanent state of economic recession and facing serious environmental problems as a result of global warming.,English,"Canada, USA, UK",1 win.,https://m.media-amazon.com/images/M/MV5BMjQwNTk0NzAzNl5BMl5BanBnXkFtZTgwOTkyNzA2NDM@._V1_SX300.jpg,"[{'Source': 'Internet Movie Database', 'Value': '5.2/10'}]",N/A,5.2,"7,998",tt6143568,movie,N/A,N/A,N/A,N/A,True
Mom and Dad,2017,R,09 Mar 2018,86 min,"Comedy, Horror, Thriller",Brian Taylor,Brian Taylor,"Nicolas Cage, Selma Blair, Anne Winters, Zackary Arthur",A teenage girl and her younger brother must survive a wild 24 hours during which a mass hysteria of unknown origin causes parents to turn violently on their own kids.,English,"USA, UK",1 win & 2 nominations.,https://m.media-amazon.com/images/M/MV5BZGRkM2Q3MmEtNzIyZC00NDdmLWFiMjEtMjk2NjNlODYwOWVlXkEyXkFqcGdeQXVyMTMxODk2OTU@._V1_SX300.jpg,"[{'Source': 'Internet Movie Database', 'Value': '5.5/10'}, {'Source': 'Metacritic', 'Value': '59/100'}]",59,5.5,"18,109",tt5462326,movie,N/A,N/A,N/A,N/A,True
Inconceivable,2017,R,30 Jun 2017,105 min,"Drama, Thriller",Jonathan Baker,Chloe King,"Gina Gershon, Nicky Whelan, Nicolas Cage, Sienna Soho Baker","A mother looks to escape her abusive past by moving to a new town where she befriends another mother, who grows suspicious of her.",English,"UK, USA",N/A,https://m.media-amazon.com/images/M/MV5BNWM0ODdkNTYtNjAwNS00OTE1LTlhMWMtOGE5OThjM2MzMzAwXkEyXkFqcGdeQXVyMjM4NTM5NDY@._V1_SX300.jpg,"[{'Source': 'Internet Movie Database', 'Value': '5.2/10'}, {'Source': 'Rotten Tomatoes', 'Value': '31%'}]",N/A,5.2,"7,435",tt3481634,movie,29 Aug 2017,N/A,Lionsgate Premiere,N/A,True
Vengeance: A Love Story,2017,TV-MA,15 Sep 2017,99 min,"Action, Crime, Drama, Thriller",Johnny Martin,"John Mankiewicz (screenplay by), Joyce Carol Oates (based upon the Novel "" Rape: A Love Story"" by)","Nicolas Cage, Anna Hutchison, Talitha Eliana Bateman, Deborah Kara Unger",A group of strangers come to the aid of a single mother seeking to bring her rapists to justice.,English,USA,N/A,https://m.media-amazon.com/images/M/MV5BZGY2MDBiM2UtZTU4NC00OTU4LTg4ZjUtNTQxM2Q5Mzg3N2Q2XkEyXkFqcGdeQXVyMjAyNjIzOQ@@._V1_SX300.jpg,"[{'Source': 'Internet Movie Database', 'Value': '5.2/10'}]",N/A,5.2,"6,217",tt5460530,movie,15 Sep 2017,"$4,526",Patriot Pictures,N/A,True
Arsenal,2017,R,06 Jan 2017,97 min,"Action, Crime, Thriller",Steven C. Miller,Jason Mosberg,"Nicolas Cage, John Cusack, Adrian Grenier, Johnathon Schaech",A Southern mobster attempts to rescue his kidnapped brother.,English,"USA, Canada",N/A,https://m.media-amazon.com/images/M/MV5BMTEyMzk3ODYzMzdeQTJeQWpwZ15BbWU4MDk0MDc3ODAy._V1_SX300.jpg,"[{'Source': 'Internet Movie Database', 'Value': '4.0/10'}, {'Source': 'Rotten Tomatoes', 'Value': '3%'}, {'Source': 'Metacritic', 'Value': '25/100'}]",25,4.0,"3,744",tt5580536,movie,28 Mar 2017,N/A,Emmett/Furla/Oasis Films,N/A,True
Army of One,2016,R,17 Nov 2016,92 min,"Biography, Comedy",Larry Charles,"Rajiv Joseph, Scott Rothman","Nicolas Cage, Russell Brand, Wendi McLendon-Covey, Amer Chadha-Patel","After a personal visit by God himself, the eccentric construction worker Gary Faulkner takes the decision to embark on an adventure in the badlands of Pakistan to bring Al-Qaeda's leader Osama Bin Laden to justice.",N/A,USA,N/A,https://m.media-amazon.com/images/M/MV5BZTc0N2U0ODYtNDFkZC00NWI1LWFlZWItMmIwYmQ0NGYyNDYzXkEyXkFqcGdeQXVyMjUyNDk2ODc@._V1_SX300.jpg,"[{'Source': 'Internet Movie Database', 'Value': '5.1/10'}, {'Source': 'Rotten Tomatoes', 'Value': '25%'}, {'Source': 'Metacritic', 'Value': '43/100'}]",43,5.1,"6,176",tt4382824,movie,15 Nov 2016,N/A,Conde Nast Entertainment,N/A,True
USS Indianapolis: Men of Courage,2016,R,14 Oct 2016,128 min,"Action, Drama, History, Thriller, War",Mario Van Peebles,"Cam Cannon, Richard Rionda Del Castro","Nicolas Cage, Tom Sizemore, Thomas Jane, Matt Lanter","During World War II, an American navy ship is sunk by a Japanese submarine leaving 890 crewmen stranded in shark infested waters.","English, Japanese",USA,1 nomination.,https://m.media-amazon.com/images/M/MV5BYmYxYjAxNDItZWY2NC00MTE1LWIxNGMtZjkzOTM3MzIwM2RjXkEyXkFqcGdeQXVyNDI0MTYyNzU@._V1_SX300.jpg,"[{'Source': 'Internet Movie Database', 'Value': '5.2/10'}, {'Source': 'Rotten Tomatoes', 'Value': '17%'}, {'Source': 'Metacritic', 'Value': '30/100'}]",30,5.2,"10,327",tt2032572,movie,24 Jan 2017,N/A,Saban Films,N/A,True
Snowden,2016,R,16 Sep 2016,134 min,"Biography, Crime, Drama, Thriller",Oliver Stone,"Kieran Fitzgerald (screenplay by), Oliver Stone (screenplay by), Luke Harding (book), Anatoly Kucherena (book)","Melissa Leo, Zachary Quinto, Joseph Gordon-Levitt, Jaymes Butler","The NSA's illegal surveillance techniques are leaked to the public by one of the agency's employees, Edward Snowden, in the form of thousands of classified documents distributed to the press.","English, American Sign Language, Russian","UK, France, Germany, USA",3 wins & 7 nominations.,https://m.media-amazon.com/images/M/MV5BMTg2MzYzNzgzOF5BMl5BanBnXkFtZTgwOTg4NzQ4OTE@._V1_SX300.jpg,"[{'Source': 'Internet Movie Database', 'Value': '7.3/10'}, {'Source': 'Rotten Tomatoes', 'Value': '60%'}, {'Source': 'Metacritic', 'Value': '58/100'}]",58,7.3,"126,190",tt3774114,movie,27 Dec 2016,"$21,562,346",Open Road Films,N/A,True
Dog Eat Dog,2016,Not Rated,11 Nov 2016,93 min,"Action, Thriller",Paul Schrader,"Edward Bunker (based on the novel by), Matthew Wilder","Nicolas Cage, Willem Dafoe, Christopher Matthew Cook, Omar J. Dorsey",A crew of ex-cons are hired by a Cleveland mafioso to kidnap the baby of a rival mobster.,English,USA,1 nomination.,https://m.media-amazon.com/images/M/MV5BMTc0ODExNjM4NV5BMl5BanBnXkFtZTgwNzY4ODYxMDI@._V1_SX300.jpg,"[{'Source': 'Internet Movie Database', 'Value': '4.7/10'}, {'Source': 'Rotten Tomatoes', 'Value': '50%'}, {'Source': 'Metacritic', 'Value': '53/100'}]",53,4.7,"7,160",tt4054654,movie,27 Dec 2016,N/A,Ingenious Media,N/A,True
The Trust,2016,R,13 May 2016,92 min,"Crime, Drama, Thriller","Alex Brewer, Benjamin Brewer","Benjamin Brewer, Adam Hirsch","Nicolas Cage, Elijah Wood, Sky Ferreira, Eric Heister",A pair of cops investigating a drug invasion stumble upon a mysterious bank vault.,"English, German",USA,N/A,https://m.media-amazon.com/images/M/MV5BMTA4NjE3OTk1MzdeQTJeQWpwZ15BbWU4MDMwMTk1Mjgx._V1_SX300.jpg,"[{'Source': 'Internet Movie Database', 'Value': '5.4/10'}, {'Source': 'Rotten Tomatoes', 'Value': '63%'}, {'Source': 'Metacritic', 'Value': '58/100'}]",58,5.4,"16,643",tt3733774,movie,02 Aug 2016,N/A,Hassell Free Production,N/A,True
Pay the Ghost,2015,Not Rated,25 Sep 2015,94 min,"Drama, Horror, Mystery, Thriller",Uli Edel,"Tim Lebbon (novel), Dan Kay (screenplay)","Nicolas Cage, Sarah Wayne Callies, Veronica Ferres, Lyriq Bent",A professor frantically searches for his son who was abducted during a Halloween carnival.,"English, Spanish, Chinese, Scottish Gaelic",USA,1 win & 2 nominations.,https://m.media-amazon.com/images/M/MV5BMzY3MTc3NzQ1Nl5BMl5BanBnXkFtZTgwNjk2MDE3NjE@._V1_SX300.jpg,"[{'Source': 'Internet Movie Database', 'Value': '5.2/10'}, {'Source': 'Rotten Tomatoes', 'Value': '10%'}, {'Source': 'Metacritic', 'Value': '23/100'}]",23,5.2,"14,788",tt3733778,movie,N/A,N/A,Voltage Films,N/A,True
The Runner,2015,R,07 Aug 2015,90 min,Drama,Austin Stark,Austin Stark,"Nicolas Cage, Sarah Paulson, Peter Fonda, Connie Nielsen","In the aftermath of the 2010 BP oil spill, an idealistic but flawed politician is forced to confront his dysfunctional life after his career is destroyed in a sex scandal.",English,USA,N/A,https://m.media-amazon.com/images/M/MV5BMTkyMDkwNDIyMV5BMl5BanBnXkFtZTgwNDU1OTEwNjE@._V1_SX300.jpg,"[{'Source': 'Internet Movie Database', 'Value': '4.7/10'}, {'Source': 'Rotten Tomatoes', 'Value': '24%'}, {'Source': 'Metacritic', 'Value': '39/100'}]",39,4.7,"4,715",tt3687398,movie,25 Aug 2015,N/A,Alchemy,N/A,True
Dying of the Light,2014,R,05 Dec 2014,94 min,"Action, Drama, Thriller",Paul Schrader,Paul Schrader (screenplay),"Nicolas Cage, Anton Yelchin, Alexander Karim, Irène Jacob","When a devastating illness threatens to end Evan Lake's career in the C.I.A., he goes rogue to hunt down a terrorist who tortured him during a mission gone awry years ago.","English, Romanian, Arabic","Bahamas, USA",N/A,https://m.media-amazon.com/images/M/MV5BMmZmZjZiZGUtNDcyMS00Y2FiLTk5MTMtZGVjOGVmZDkzZWNhXkEyXkFqcGdeQXVyNDkzNTM2ODg@._V1_SX300.jpg,"[{'Source': 'Internet Movie Database', 'Value': '4.4/10'}, {'Source': 'Rotten Tomatoes', 'Value': '8%'}, {'Source': 'Metacritic', 'Value': '31/100'}]",31,4.4,"9,177",tt1274586,movie,17 Feb 2015,N/A,The Film Arcade,N/A,True
Left Behind,2014,PG-13,03 Oct 2014,110 min,"Action, Drama, Fantasy, Mystery, Thriller",Vic Armstrong,"Jerry B. Jenkins (based on novel), Tim LaHaye (based on novel), Paul Lalonde, John Patus","Nicolas Cage, Chad Michael Murray, Cassi Thomson, Nicky Whelan",A small group of survivors are left behind after millions of people suddenly vanish and the world is plunged into chaos and destruction.,English,"USA, Canada",5 nominations.,https://m.media-amazon.com/images/M/MV5BMjI4MjA2OTQxMF5BMl5BanBnXkFtZTgwMjcyMTI2MjE@._V1_SX300.jpg,"[{'Source': 'Internet Movie Database', 'Value': '3.1/10'}, {'Source': 'Rotten Tomatoes', 'Value': '1%'}, {'Source': 'Metacritic', 'Value': '12/100'}]",12,3.1,"35,095",tt2467046,movie,06 Jan 2015,"$10,649,893",Freestyle Releasing,N/A,True
Outcast,2014,Not Rated,03 Apr 2015,99 min,"Action, Adventure, Drama, Thriller",Nick Powell,James Dormer,"Alexandre Bailly, Bozhao Wang, Nicolas Cage, Kahina Carina","A mysterious warrior teams up with the daughter and son of a deposed Chinese Emperor to defeat their cruel brother, who seeks their deaths.",English,"Canada, China, USA, France",N/A,https://m.media-amazon.com/images/M/MV5BODk0MTE3ODg5MV5BMl5BanBnXkFtZTgwNDMwMjEyNDE@._V1_SX300.jpg,"[{'Source': 'Internet Movie Database', 'Value': '4.6/10'}, {'Source': 'Rotten Tomatoes', 'Value': '5%'}, {'Source': 'Metacritic', 'Value': '33/100'}]",33,4.6,"11,882",tt1552224,movie,31 Mar 2015,N/A,Eone Films,N/A,True
Rage,2014,Not Rated,09 May 2014,92 min,"Action, Crime, Thriller",Paco Cabezas,"Jim Agnew, Sean Keller","Nicolas Cage, Rachel Nichols, Max Ryan, Michael McGrady","When the daughter of a reformed criminal is kidnapped, he rounds up his old crew and seeks his own brand of justice.",English,"USA, France",1 nomination.,https://m.media-amazon.com/images/M/MV5BMTg1ODg4NjUzNF5BMl5BanBnXkFtZTgwOTU5NDc3MTE@._V1_SX300.jpg,"[{'Source': 'Internet Movie Database', 'Value': '5.0/10'}, {'Source': 'Rotten Tomatoes', 'Value': '12%'}, {'Source': 'Metacritic', 'Value': '28/100'}]",28,5.0,"22,499",tt2401807,movie,12 Aug 2014,N/A,RLJ/Image Entertainment,N/A,True
Joe,2013,R,11 Apr 2014,117 min,"Crime, Drama",David Gordon Green,"Gary Hawkins, Larry Brown (based on the novel by)","Nicolas Cage, Tye Sheridan, Gary Poulter, Ronnie Gene Blevins","An ex-con, who is the unlikeliest of role models, meets a 15-year-old boy and is faced with the choice of redemption or ruin.",English,USA,4 wins & 9 nominations.,https://m.media-amazon.com/images/M/MV5BMjExMzk5MTM1Ml5BMl5BanBnXkFtZTgwNzAzODgxMTE@._V1_SX300.jpg,"[{'Source': 'Internet Movie Database', 'Value': '6.9/10'}, {'Source': 'Rotten Tomatoes', 'Value': '85%'}, {'Source': 'Metacritic', 'Value': '74/100'}]",74,6.9,"43,840",tt2382396,movie,17 Jun 2014,"$257,588",Roadside Attractions,N/A,True
The Frozen Ground,2013,R,11 Jul 2013,105 min,"Crime, Drama, Thriller",Scott Walker,Scott Walker,"Nicolas Cage, Vanessa Hudgens, John Cusack, Dean Norris",An Alaska State Trooper partners with a young woman who escaped the clutches of serial killer Robert Hansen to bring the murderer to justice. Based on actual events.,"English, French",USA,1 nomination.,https://m.media-amazon.com/images/M/MV5BYzM3Mjc1ZDItMTE1OC00ODk0LWFmZjctYzgxZmYwNzliMTdkXkEyXkFqcGdeQXVyMTAxNDE3MTE5._V1_SX300.jpg,"[{'Source': 'Internet Movie Database', 'Value': '6.4/10'}, {'Source': 'Rotten Tomatoes', 'Value': '61%'}, {'Source': 'Metacritic', 'Value': '37/100'}]",37,6.4,"53,973",tt2005374,movie,01 Oct 2013,"$89,515",The Film Arcade,N/A,True
The Croods,2013,PG,22 Mar 2013,98 min,"Animation, Action, Adventure, Comedy, Family, Fantasy","Kirk DeMicco, Chris Sanders","Chris Sanders (screenplay), Kirk DeMicco (screenplay), John Cleese (story), Kirk DeMicco (story), Chris Sanders (story)","Nicolas Cage, Emma Stone, Ryan Reynolds, Catherine Keener","After their cave is destroyed, a caveman family must trek through an unfamiliar fantastical world with the help of an inventive boy.",English,USA,Nominated for 1 Oscar. Another 5 wins & 45 nominations.,https://m.media-amazon.com/images/M/MV5BMTcyOTc2OTA1Ml5BMl5BanBnXkFtZTcwOTI1MjkzOQ@@._V1_SX300.jpg,"[{'Source': 'Internet Movie Database', 'Value': '7.2/10'}, {'Source': 'Rotten Tomatoes', 'Value': '71%'}, {'Source': 'Metacritic', 'Value': '55/100'}]",55,7.2,"182,176",tt0481499,movie,01 Oct 2013,"$187,165,546",20th Century Fox,N/A,True
Stolen,2012,R,06 Sep 2012,96 min,"Action, Crime, Thriller",Simon West,David Guggenheim,"Nicolas Cage, Josh Lucas, Danny Huston, Malin Akerman","A former thief frantically searches for his missing daughter, who has been kidnapped and locked in the trunk of a taxi.","English, Swedish",USA,N/A,https://m.media-amazon.com/images/M/MV5BNzY0ODM1NzU0OV5BMl5BanBnXkFtZTcwNTExNjIyOA@@._V1_SX300.jpg,"[{'Source': 'Internet Movie Database', 'Value': '5.5/10'}, {'Source': 'Rotten Tomatoes', 'Value': '20%'}, {'Source': 'Metacritic', 'Value': '43/100'}]",43,5.5,"41,988",tt1656186,movie,08 Jan 2013,"$289,773",Millennium Entertainment,N/A,True
Ghost Rider: Spirit of Vengeance,2011,PG-13,17 Feb 2012,96 min,"Action, Fantasy, Thriller","Mark Neveldine, Brian Taylor","Scott M. Gimple (screenplay), Seth Hoffman (screenplay), David S. Goyer (screenplay), David S. Goyer (story)","Nicolas Cage, Violante Placido, Ciarán Hinds, Idris Elba","Johnny Blaze, tortured by the Ghost Rider's curse, gets a chance of redemption through protecting the Devil's son, whose father is pursuing him.","English, Romanian","USA, United Arab Emirates",4 nominations.,https://m.media-amazon.com/images/M/MV5BMTkwNDM5MDEzOF5BMl5BanBnXkFtZTcwNDEyNTUxNw@@._V1_SX300.jpg,"[{'Source': 'Internet Movie Database', 'Value': '4.3/10'}, {'Source': 'Rotten Tomatoes', 'Value': '18%'}, {'Source': 'Metacritic', 'Value': '34/100'}]",34,4.3,"106,675",tt1071875,movie,12 Jun 2012,"$51,774,002",Sony Pictures,N/A,True
Trespass,2011,R,21 Oct 2011,91 min,"Crime, Drama, Thriller",Joel Schumacher,Karl Gajdusek,"Nicolas Cage, Nicole Kidman, Ben Mendelsohn, Liana Liberato","As they're held for ransom, a husband and wife's predicament grows more dire amid the discovery of betrayal and deception.",English,"USA, Bulgaria",2 nominations.,https://m.media-amazon.com/images/M/MV5BMTM4NTc0Mzk5N15BMl5BanBnXkFtZTcwNDA4NDUyNg@@._V1_SX300.jpg,"[{'Source': 'Internet Movie Database', 'Value': '5.3/10'}, {'Source': 'Rotten Tomatoes', 'Value': '10%'}, {'Source': 'Metacritic', 'Value': '37/100'}]",37,5.3,"40,182",tt1674784,movie,01 Nov 2011,"$16,816",Millennium Entertainment,N/A,True
Seeking Justice,2011,R,02 Sep 2011,105 min,"Action, Crime, Drama, Mystery, Thriller",Roger Donaldson,"Todd Hickey (story), Robert Tannen (screenplay), Robert Tannen (story)","Nicolas Cage, January Jones, Guy Pearce, Harold Perrineau","After his wife is assaulted, a husband enlists the services of a vigilante group to help him settle the score. Then he discovers they want a 'favor' from him in return.",English,USA,1 nomination.,https://m.media-amazon.com/images/M/MV5BNzAxMzAyODEyMV5BMl5BanBnXkFtZTcwNjU3OTEzNw@@._V1_SX300.jpg,"[{'Source': 'Internet Movie Database', 'Value': '6.2/10'}, {'Source': 'Rotten Tomatoes', 'Value': '28%'}, {'Source': 'Metacritic', 'Value': '38/100'}]",38,6.2,"43,524",tt1214962,movie,19 Jun 2012,"$410,819",Anchor Bay Entertainment,N/A,True
Drive Angry,2011,R,25 Feb 2011,104 min,"Action, Fantasy, Thriller",Patrick Lussier,"Todd Farmer, Patrick Lussier","Nicolas Cage, Amber Heard, William Fichtner, Billy Burke",A vengeful father escapes from hell and chases after the men who killed his daughter and kidnapped his granddaughter.,English,USA,1 win & 6 nominations.,https://m.media-amazon.com/images/M/MV5BMjIwNTM4Njg2NF5BMl5BanBnXkFtZTcwNDQwMTAwNA@@._V1_SX300.jpg,"[{'Source': 'Internet Movie Database', 'Value': '5.4/10'}, {'Source': 'Rotten Tomatoes', 'Value': '47%'}, {'Source': 'Metacritic', 'Value': '44/100'}]",44,5.4,"91,935",tt1502404,movie,31 May 2011,"$10,706,786",Summit Entertainment,N/A,True
Season of the Witch,2011,PG-13,07 Jan 2011,95 min,"Action, Adventure, Fantasy",Dominic Sena,Bragi F. Schut,"Nicolas Cage, Ron Perlman, Stephen Campbell Moore, Stephen Graham","Fourteenth century knights transport a suspected witch to a monastery, where monks deduce her powers could be the source of the Black Plague.","English, Latin",USA,2 nominations.,https://m.media-amazon.com/images/M/MV5BMzc3MjYxNzg2N15BMl5BanBnXkFtZTcwNzQyMTkwNA@@._V1_SX300.jpg,"[{'Source': 'Internet Movie Database', 'Value': '5.4/10'}, {'Source': 'Rotten Tomatoes', 'Value': '11%'}, {'Source': 'Metacritic', 'Value': '28/100'}]",28,5.4,"87,648",tt0479997,movie,28 Jun 2011,"$24,800,000",Relativity Media,N/A,True
The Sorcerer's Apprentice,2010,PG,14 Jul 2010,109 min,"Action, Adventure, Family, Fantasy",Jon Turteltaub,"Lawrence Konner (screen story), Mark Rosenthal (screen story), Matt Lopez (screen story), Matt Lopez (screenplay), Doug Miro (screenplay), Carlo Bernard (screenplay)","Nicolas Cage, Jay Baruchel, Alfred Molina, Teresa Palmer",Master sorcerer Balthazar Blake must find and train Merlin's descendant to defeat dark sorceress Morgana la Fée.,"English, Cantonese, Ukrainian",USA,1 win & 1 nomination.,https://m.media-amazon.com/images/M/MV5BNDY3NzQ0NjYxM15BMl5BanBnXkFtZTcwMDkzODM2Mw@@._V1_SX300.jpg,"[{'Source': 'Internet Movie Database', 'Value': '6.1/10'}, {'Source': 'Rotten Tomatoes', 'Value': '40%'}, {'Source': 'Metacritic', 'Value': '46/100'}]",46,6.1,"147,494",tt0963966,movie,30 Nov 2010,"$63,143,812",Walt Disney Studios,N/A,True
Kick-Ass,2010,R,16 Apr 2010,117 min,"Action, Adventure, Comedy, Crime",Matthew Vaughn,"Jane Goldman (screenplay), Matthew Vaughn (screenplay), Mark Millar (comic book), John Romita Jr. (comic book)","Aaron Taylor-Johnson, Garrett M. Brown, Evan Peters, Deborah Twiss","Dave Lizewski is an unnoticed high school student and comic book fan who one day decides to become a superhero, even though he has no powers, training or meaningful reason to do so.",English,"UK, USA",19 wins & 61 nominations.,https://m.media-amazon.com/images/M/MV5BMTMzNzEzMDYxM15BMl5BanBnXkFtZTcwMTc0NTMxMw@@._V1_SX300.jpg,"[{'Source': 'Internet Movie Database', 'Value': '7.6/10'}, {'Source': 'Rotten Tomatoes', 'Value': '76%'}, {'Source': 'Metacritic', 'Value': '66/100'}]",66,7.6,"509,585",tt1250777,movie,03 Aug 2010,"$20,000,000",Lionsgate,N/A,True
Astro Boy,2009,PG,23 Oct 2009,94 min,"Animation, Action, Comedy, Family, Sci-Fi",David Bowers,"Osamu Tezuka (manga), David Bowers (story), Timothy Harris, David Bowers","Charlize Theron, Freddie Highmore, Ryan Stiles, Eugene Levy","When an android replica of a boy is rejected by his aggrieved creator, he goes off to find his own identity in an adventure that would make him the greatest hero of his time.",English,"Japan, Hong Kong, USA",4 nominations.,https://m.media-amazon.com/images/M/MV5BMTI5NTEwNTcxMl5BMl5BanBnXkFtZTcwMDEyMTE4Mg@@._V1_SX300.jpg,"[{'Source': 'Internet Movie Database', 'Value': '6.3/10'}, {'Source': 'Rotten Tomatoes', 'Value': '50%'}, {'Source': 'Metacritic', 'Value': '53/100'}]",53,6.3,"31,559",tt0375568,movie,16 Mar 2010,"$19,548,064",Summit Entertainment,N/A,True
Bad Lieutenant: Port of Call New Orleans,2009,R,11 Dec 2009,122 min,"Crime, Drama",Werner Herzog,William M. Finkelstein (screenplay),"Nicolas Cage, Eva Mendes, Val Kilmer, Xzibit",Terence McDonagh is a drug- and gambling-addled detective in post-Katrina New Orleans investigating the killing of five Senegalese immigrants.,"English, Spanish",USA,3 wins & 13 nominations.,https://m.media-amazon.com/images/M/MV5BMTcyMzY0NTMzMF5BMl5BanBnXkFtZTcwMTc1MjY4Mg@@._V1_SX300.jpg,"[{'Source': 'Internet Movie Database', 'Value': '6.6/10'}, {'Source': 'Rotten Tomatoes', 'Value': '85%'}, {'Source': 'Metacritic', 'Value': '69/100'}]",69,6.6,"72,202",tt1095217,movie,06 Apr 2010,"$1,616,556",First Look Pictures,N/A,True
G-Force,2009,PG,24 Jul 2009,88 min,"Animation, Action, Adventure, Comedy, Family, Fantasy, Sci-Fi",Hoyt Yeatman,"Cormac Wibberley (screenplay), Marianne Wibberley (screenplay), Hoyt Yeatman (story), David P.I. James (story)","Bill Nighy, Will Arnett, Zach Galifianakis, Kelli Garner",A specially trained squad of guinea pigs is dispatched to stop a diabolical billionaire from taking over the world.,English,USA,1 win & 1 nomination.,https://m.media-amazon.com/images/M/MV5BMTM4NTY3MzY2MV5BMl5BanBnXkFtZTcwMDQ1NTM2Mg@@._V1_SX300.jpg,"[{'Source': 'Internet Movie Database', 'Value': '5.1/10'}, {'Source': 'Rotten Tomatoes', 'Value': '22%'}, {'Source': 'Metacritic', 'Value': '41/100'}]",41,5.1,"40,546",tt0436339,movie,15 Dec 2009,"$119,420,252",Walt Disney Pictures,N/A,True
Knowing,2009,PG-13,20 Mar 2009,121 min,"Action, Drama, Mystery, Sci-Fi, Thriller",Alex Proyas,"Ryne Douglas Pearson (screenplay), Juliet Snowden (screenplay), Stiles White (screenplay), Ryne Douglas Pearson (story)","Nicolas Cage, Chandler Canterbury, Rose Byrne, Lara Robinson",M.I.T. professor John Koestler links a mysterious list of numbers from a time capsule to past and future disasters and sets out to prevent the ultimate catastrophe.,English,"USA, UK, Australia",1 win & 5 nominations.,https://m.media-amazon.com/images/M/MV5BMTMyMjgyMDIyM15BMl5BanBnXkFtZTcwNjg3MjAyMg@@._V1_SX300.jpg,"[{'Source': 'Internet Movie Database', 'Value': '6.2/10'}, {'Source': 'Rotten Tomatoes', 'Value': '33%'}, {'Source': 'Metacritic', 'Value': '41/100'}]",41,6.2,"212,925",tt0448011,movie,07 Jul 2009,"$79,948,113",Summit Entertainment,N/A,True
Bangkok Dangerous,2008,R,05 Sep 2008,99 min,"Action, Crime, Thriller","Danny Pang, Oxide Chun Pang","Jason Richman (screenplay), Oxide Chun Pang, Danny Pang","Nicolas Cage, Shahkrit Yamnarm, Charlie Yeung, Panward Hemmanee",A hitman who's in Bangkok to pull off a series of jobs violates his personal code when he falls for a local woman and bonds with his errand boy.,"English, Thai","USA, Czech Republic, Thailand",1 nomination.,https://m.media-amazon.com/images/M/MV5BMTk2NjU4MDYwNV5BMl5BanBnXkFtZTcwMDQ5ODg3MQ@@._V1_SX300.jpg,"[{'Source': 'Internet Movie Database', 'Value': '5.4/10'}, {'Source': 'Rotten Tomatoes', 'Value': '8%'}, {'Source': 'Metacritic', 'Value': '24/100'}]",24,5.4,"53,752",tt0814022,movie,06 Jan 2009,"$15,195,406",Lionsgate,N/A,True
National Treasure: Book of Secrets,2007,PG,21 Dec 2007,124 min,"Action, Adventure, Mystery, Thriller",Jon Turteltaub,"Marianne Wibberley (screenplay), Cormac Wibberley (screenplay), Gregory Poirier (story), Marianne Wibberley (story), Cormac Wibberley (story), Ted Elliott (story), Terry Rossio (story), Jim Kouf (characters), Oren Aviv (characters), Charles Segars (characters)","Nicolas Cage, Justin Bartha, Diane Kruger, Jon Voight",Benjamin Gates (Nicolas Cage) must follow a clue left in John Wilkes Booth's diary to prove his ancestor's innocence in the assassination of Abraham Lincoln.,"English, French",USA,1 win & 5 nominations.,https://m.media-amazon.com/images/M/MV5BMTU2NTM3NjU1N15BMl5BanBnXkFtZTcwODg1MDU1MQ@@._V1_SX300.jpg,"[{'Source': 'Internet Movie Database', 'Value': '6.5/10'}, {'Source': 'Rotten Tomatoes', 'Value': '36%'}, {'Source': 'Metacritic', 'Value': '48/100'}]",48,6.5,"210,887",tt0465234,movie,18 May 2008,"$219,932,519",Buena Vista Pictures,N/A,True
Next,2007,PG-13,27 Apr 2007,96 min,"Action, Sci-Fi, Thriller",Lee Tamahori,"Gary Goldman (screenplay), Jonathan Hensleigh (screenplay), Paul Bernbaum (screenplay), Gary Goldman (screen story), Philip K. Dick (novel)","Nicolas Cage, Julianne Moore, Jessica Biel, Thomas Kretschmann",A Las Vegas magician who can see into the future is pursued by FBI agents seeking to use his abilities to prevent a nuclear terrorist attack.,"English, French, German, Serbian",USA,2 wins & 3 nominations.,https://m.media-amazon.com/images/M/MV5BMTg3MjgyNjE1Nl5BMl5BanBnXkFtZTcwNTY1NDU0MQ@@._V1_SX300.jpg,"[{'Source': 'Internet Movie Database', 'Value': '6.2/10'}, {'Source': 'Rotten Tomatoes', 'Value': '28%'}, {'Source': 'Metacritic', 'Value': '42/100'}]",42,6.2,"143,280",tt0435705,movie,25 Sep 2007,"$17,993,461",Paramount Pictures,N/A,True
Grindhouse,2007,R,06 Apr 2007,191 min,"Action, Horror, Thriller","Robert Rodriguez, Eli Roth, Quentin Tarantino, Edgar Wright, Rob Zombie","Robert Rodriguez, Rob Zombie, Edgar Wright, Jeff Rendell, Eli Roth, Quentin Tarantino, Rob Cotterill (story), Jason Eisener (story), John Davies (fake trailer segment ""Hobo with a Shotgun"")","Kurt Russell, Zoë Bell, Rosario Dawson, Vanessa Ferlito",Quentin Tarantino and Robert Rodriguez's homage to exploitation double features in the 60s and 70s with two back-to-back cult films that include previews of coming attractions between them.,"English, Spanish","USA, Canada",7 wins & 15 nominations.,https://m.media-amazon.com/images/M/MV5BMjA0MzExNzc3MV5BMl5BanBnXkFtZTcwODAxMzM0MQ@@._V1_SX300.jpg,"[{'Source': 'Internet Movie Database', 'Value': '7.5/10'}, {'Source': 'Rotten Tomatoes', 'Value': '84%'}, {'Source': 'Metacritic', 'Value': '77/100'}]",77,7.5,"173,445",tt0462322,movie,N/A,"$24,928,753",The Weinstein Co./Dimension,N/A,True
Ghost Rider,2007,PG-13,16 Feb 2007,110 min,"Action, Fantasy, Thriller",Mark Steven Johnson,"Mark Steven Johnson (screenplay), Mark Steven Johnson (screen story)","Matt Long, Raquel Alessi, Brett Cullen, Peter Fonda","When motorcycle rider Johnny Blaze sells his soul to the Devil to save his father's life, he is transformed into the Ghost Rider, the Devil's own bounty hunter, and is sent to hunt down sinners.",English,"USA, Australia",1 win & 9 nominations.,https://m.media-amazon.com/images/M/MV5BMzIyNDE5ODI1OV5BMl5BanBnXkFtZTcwNTIyNDE0MQ@@._V1_SX300.jpg,"[{'Source': 'Internet Movie Database', 'Value': '5.2/10'}, {'Source': 'Rotten Tomatoes', 'Value': '26%'}, {'Source': 'Metacritic', 'Value': '35/100'}]",35,5.2,"215,141",tt0259324,movie,12 Jun 2007,"$115,802,596",Sony Pictures,N/A,True
The Wicker Man,2006,PG-13,01 Sep 2006,102 min,"Horror, Mystery, Thriller",Neil LaBute,"Neil LaBute (screenplay), Anthony Shaffer","Nicolas Cage, Ellen Burstyn, Kate Beahan, Frances Conroy","A sheriff investigating the disappearance of a young girl from a small island discovers there's a larger mystery to solve among the island's secretive, neo-pagan community.",English,"USA, Mexico, Canada, Germany",2 wins & 7 nominations.,https://m.media-amazon.com/images/M/MV5BOGQwN2UyM2YtNzNhOC00YjU5LWI0ZDgtZjMxZjM5ZmI0YjRmXkEyXkFqcGdeQXVyMTMxMTY0OTQ@._V1_SX300.jpg,"[{'Source': 'Internet Movie Database', 'Value': '3.7/10'}, {'Source': 'Metacritic', 'Value': '36/100'}]",36,3.7,"61,988",tt0450345,movie,01 Aug 2006,N/A,N/A,N/A,True
World Trade Center,2006,PG-13,09 Aug 2006,129 min,"Drama, History, Thriller",Oliver Stone,"Andrea Berloff, John McLoughlin (true story), Donna McLoughlin (true story), William Jimeno (true story), Allison Jimeno (true story)","Nicolas Cage, Maria Bello, Connor Paolo, Anthony Piccininni",Two Port Authority police officers become trapped under the rubble of the World Trade Center.,English,USA,4 wins & 12 nominations.,https://m.media-amazon.com/images/M/MV5BMTIxMzE5ODEwOV5BMl5BanBnXkFtZTcwMzM3MzIzMQ@@._V1_SX300.jpg,"[{'Source': 'Internet Movie Database', 'Value': '5.9/10'}, {'Source': 'Rotten Tomatoes', 'Value': '67%'}, {'Source': 'Metacritic', 'Value': '66/100'}]",66,5.9,"75,530",tt0469641,movie,29 Jan 2007,"$70,236,496",Paramount Pictures,N/A,True
The Ant Bully,2006,PG,28 Jul 2006,88 min,"Animation, Adventure, Comedy, Family, Fantasy",John A. Davis,"John A. Davis, John Nickle (book)","Julia Roberts, Nicolas Cage, Meryl Streep, Paul Giamatti","After Lucas Nickle floods an ant colony with his watergun, he's magically shrunken down to insect size and sentenced to hard labor in the ruins.",English,USA,1 win & 4 nominations.,https://m.media-amazon.com/images/M/MV5BMjE2OTYwMzQzNl5BMl5BanBnXkFtZTcwNDM1MjMzMQ@@._V1_SX300.jpg,"[{'Source': 'Internet Movie Database', 'Value': '5.8/10'}, {'Source': 'Rotten Tomatoes', 'Value': '62%'}, {'Source': 'Metacritic', 'Value': '59/100'}]",59,5.8,"35,427",tt0429589,movie,28 Nov 2006,"$28,100,000",Warner Bros. Pictures,N/A,True
The Weather Man,2005,R,28 Oct 2005,102 min,"Comedy, Drama",Gore Verbinski,Steve Conrad,"Nicolas Cage, Michael Caine, Hope Davis, Gemmenne de la Peña","A Chicago weather man, separated from his wife and children, debates whether professional and personal success are mutually exclusive.",English,"USA, Germany",N/A,https://m.media-amazon.com/images/M/MV5BMTQ4NzAxMTE3Ml5BMl5BanBnXkFtZTYwMDAwMjY3._V1_SX300.jpg,"[{'Source': 'Internet Movie Database', 'Value': '6.5/10'}, {'Source': 'Rotten Tomatoes', 'Value': '59%'}, {'Source': 'Metacritic', 'Value': '61/100'}]",61,6.5,"75,645",tt0384680,movie,21 Feb 2006,"$12,469,811",Paramount Pictures,N/A,True
Lord of War,2005,R,16 Sep 2005,122 min,"Action, Crime, Drama",Andrew Niccol,Andrew Niccol,"Nicolas Cage, Bridget Moynahan, Jared Leto, Shake Tukhmanyan",An arms dealer confronts the morality of his work as he is being chased by an INTERPOL Agent.,"English, Ukrainian, German, Spanish, Russian, French, Arabic, Turkish","USA, Germany, France",2 wins & 2 nominations.,https://m.media-amazon.com/images/M/MV5BMTYzZWE3MDAtZjZkMi00MzhlLTlhZDUtNmI2Zjg3OWVlZWI0XkEyXkFqcGdeQXVyNDk3NzU2MTQ@._V1_SX300.jpg,"[{'Source': 'Internet Movie Database', 'Value': '7.6/10'}, {'Source': 'Rotten Tomatoes', 'Value': '62%'}, {'Source': 'Metacritic', 'Value': '62/100'}]",62,7.6,"284,301",tt0399295,movie,17 Jan 2006,"$24,033,036",Lions Gate,N/A,True
National Treasure,2004,PG,19 Nov 2004,131 min,"Action, Adventure, Mystery, Thriller",Jon Turteltaub,"Jim Kouf (screenplay), Cormac Wibberley (screenplay), Marianne Wibberley (screenplay), Jim Kouf (story), Oren Aviv (story), Charles Segars (story)","Nicolas Cage, Diane Kruger, Justin Bartha, Sean Bean",A historian races to find the legendary Templar Treasure before a team of mercenaries.,"English, Spanish",USA,1 win & 9 nominations.,https://m.media-amazon.com/images/M/MV5BMTY3NTc4OTYxMF5BMl5BanBnXkFtZTcwMjk5NzUyMw@@._V1_SX300.jpg,"[{'Source': 'Internet Movie Database', 'Value': '6.8/10'}, {'Source': 'Rotten Tomatoes', 'Value': '46%'}, {'Source': 'Metacritic', 'Value': '39/100'}]",39,6.8,"292,189",tt0368891,movie,03 May 2005,"$172,975,674",Buena Vista,N/A,True
Matchstick Men,2003,PG-13,12 Sep 2003,116 min,"Comedy, Crime, Drama, Thriller",Ridley Scott,"Eric Garcia (book), Nicholas Griffin (screenplay), Ted Griffin (screenplay)","Nicolas Cage, Sam Rockwell, Alison Lohman, Bruce Altman",A phobic con artist and his protégé are on the verge of pulling off a lucrative swindle when the former's teenage daughter arrives unexpectedly.,English,"USA, UK",5 nominations.,https://m.media-amazon.com/images/M/MV5BMjA3NjMyNjIyMF5BMl5BanBnXkFtZTYwOTgzMDI3._V1_SX300.jpg,"[{'Source': 'Internet Movie Database', 'Value': '7.3/10'}, {'Source': 'Rotten Tomatoes', 'Value': '82%'}, {'Source': 'Metacritic', 'Value': '61/100'}]",61,7.3,"120,141",tt0325805,movie,01 Jun 2004,"$36,873,198",Warner Bros. Pictures,N/A,True
Adaptation.,2002,R,14 Feb 2003,115 min,"Comedy, Drama",Spike Jonze,"Susan Orlean (book), Charlie Kaufman (screenplay)","Nicolas Cage, Tilda Swinton, Meryl Streep, Chris Cooper",A lovelorn screenwriter becomes desperate as he tries and fails to adapt 'The Orchid Thief' by Susan Orlean for the screen.,"English, Latin",USA,Won 1 Oscar. Another 64 wins & 100 nominations.,https://m.media-amazon.com/images/M/MV5BZjIwZWU0ZDItNzBlNS00MDIwLWFlZjctZTJjODdjZWYxNzczL2ltYWdlXkEyXkFqcGdeQXVyMTMxODk2OTU@._V1_SX300.jpg,"[{'Source': 'Internet Movie Database', 'Value': '7.7/10'}, {'Source': 'Rotten Tomatoes', 'Value': '91%'}, {'Source': 'Metacritic', 'Value': '83/100'}]",83,7.7,"168,977",tt0268126,movie,20 May 2003,"$22,184,735",Columbia Pictures,N/A,True
Sonny,2002,R,21 Mar 2003,110 min,"Crime, Drama",Nicolas Cage,John Carlen,"James Franco, Brenda Blethyn, Harry Dean Stanton, Mena Suvari","An honorably discharged soldier returns home to New Orleans, hoping to break away from his upbringing as a trained prostitute, but his brothel-madam mother has other expectations.",English,USA,1 nomination.,https://m.media-amazon.com/images/M/MV5BMTY2MzUzMDU3Nl5BMl5BanBnXkFtZTcwNzQ1MTAwMQ@@._V1_SX300.jpg,"[{'Source': 'Internet Movie Database', 'Value': '5.6/10'}, {'Source': 'Rotten Tomatoes', 'Value': '23%'}, {'Source': 'Metacritic', 'Value': '31/100'}]",31,5.6,"3,878",tt0305973,movie,19 Aug 2003,N/A,Samuel Goldwyn Films,N/A,True
Windtalkers,2002,R,14 Jun 2002,134 min,"Action, Drama, War",John Woo,"John Rice, Joe Batteer","Nicolas Cage, Adam Beach, Peter Stormare, Noah Emmerich","Two U.S. Marines in World War II are assigned to protect Navajo Marines, who use their native language as an unbreakable radio cypher.","English, Navajo, Japanese",USA,3 wins & 4 nominations.,https://m.media-amazon.com/images/M/MV5BYWU3NmIzMmQtZjE2Mi00NDlkLWI2NDMtZWZmYjUxZWRiZDZiL2ltYWdlXkEyXkFqcGdeQXVyMTQxNzMzNDI@._V1_SX300.jpg,"[{'Source': 'Internet Movie Database', 'Value': '6.1/10'}, {'Source': 'Rotten Tomatoes', 'Value': '32%'}, {'Source': 'Metacritic', 'Value': '51/100'}]",51,6.1,"63,620",tt0245562,movie,15 Oct 2002,"$40,531,308",MGM/UA,N/A,True
A Christmas Carol,2001,PG,07 Dec 2001,77 min,"Animation, Family",Jimmy T. Murakami,"Piet Kroon (screenplay), Robert Llewellyn (screenplay), Charles Dickens (book)","Simon Callow, Kate Winslet, Nicolas Cage, Jane Horrocks",Old bitter miser Ebenezer Scrooge (Simon Callow) who makes excuses for his uncaring nature learns real compassion when three ghosts visit him on Christmas Eve.,English,"UK, Germany",1 nomination.,https://m.media-amazon.com/images/M/MV5BMTgzMDMyNDA0Nl5BMl5BanBnXkFtZTcwMzY0NjEzNA@@._V1_SX300.jpg,"[{'Source': 'Internet Movie Database', 'Value': '5.5/10'}, {'Source': 'Rotten Tomatoes', 'Value': '13%'}]",N/A,5.5,"1,645",tt0259929,movie,07 Oct 2003,N/A,Film Council,N/A,True
Captain Corelli's Mandolin,2001,R,17 Aug 2001,131 min,"Drama, Music, Romance, War",John Madden,"Shawn Slovo (screenplay), Louis de Bernières (novel)","Penélope Cruz, John Hurt, Christian Bale, Irene Papas","When a fisherman leaves to fight with the Greek army during World War II, his fiancée falls in love with the local Italian commander.","English, Greek, German, Italian","UK, France, USA",2 wins & 5 nominations.,https://m.media-amazon.com/images/M/MV5BMjEwMzE5ODcyMF5BMl5BanBnXkFtZTcwODQ1NjEyMQ@@._V1_SX300.jpg,"[{'Source': 'Internet Movie Database', 'Value': '5.9/10'}, {'Source': 'Rotten Tomatoes', 'Value': '28%'}, {'Source': 'Metacritic', 'Value': '36/100'}]",36,5.9,"31,885",tt0238112,movie,05 Feb 2002,"$25,261,240",Universal Pictures,N/A,True
The Family Man,2000,PG-13,22 Dec 2000,125 min,"Comedy, Drama, Fantasy, Romance",Brett Ratner,"David Diamond, David Weissman","Nicolas Cage, Téa Leoni, Don Cheadle, Jeremy Piven","A fast-lane investment broker, offered the opportunity to see how the other half lives, wakes up to find that his sports car and girlfriend have become a mini-van and wife.","English, Italian",USA,4 wins & 6 nominations.,https://m.media-amazon.com/images/M/MV5BYzYzMTQ4NDYtNWRkZi00NTYxLThlZDItMzI1MmU1MmU5ZWQ3XkEyXkFqcGdeQXVyNDA5Mjg5MjA@._V1_SX300.jpg,"[{'Source': 'Internet Movie Database', 'Value': '6.8/10'}, {'Source': 'Rotten Tomatoes', 'Value': '53%'}, {'Source': 'Metacritic', 'Value': '42/100'}]",42,6.8,"99,571",tt0218967,movie,17 Jul 2001,N/A,Universal Pictures,N/A,True
Gone in 60 Seconds,2000,PG-13,09 Jun 2000,118 min,"Action, Crime, Thriller",Dominic Sena,"H.B. Halicki, Scott Rosenberg (screenplay)","Nicolas Cage, Giovanni Ribisi, Angelina Jolie, T.J. Cross",A retired master car thief must come back to the industry and steal fifty cars with his crew in one night to save his brother's life.,English,USA,9 wins & 6 nominations.,https://m.media-amazon.com/images/M/MV5BMTIwMzExNDEwN15BMl5BanBnXkFtZTYwODMxMzg2._V1_SX300.jpg,"[{'Source': 'Internet Movie Database', 'Value': '6.5/10'}, {'Source': 'Rotten Tomatoes', 'Value': '25%'}, {'Source': 'Metacritic', 'Value': '35/100'}]",35,6.5,"251,813",tt0187078,movie,05 Dec 2000,"$100,978,700",Buena Vista Pictures,N/A,True
Bringing Out the Dead,1999,R,22 Oct 1999,121 min,"Drama, Thriller",Martin Scorsese,"Joe Connelly (novel), Paul Schrader (screenplay)","Nicolas Cage, Patricia Arquette, John Goodman, Ving Rhames","Haunted by the patients he failed to save, an extremely burned-out Manhattan ambulance paramedic fights to maintain his sanity over three fraught and turbulent nights.",English,USA,2 wins & 4 nominations.,https://m.media-amazon.com/images/M/MV5BMDMyMjEyYzEtODVlZC00OWY0LTkxZjItNjJmOWRjNzQxMGNmXkEyXkFqcGdeQXVyMTQxNzMzNDI@._V1_SX300.jpg,"[{'Source': 'Internet Movie Database', 'Value': '6.8/10'}, {'Source': 'Rotten Tomatoes', 'Value': '72%'}, {'Source': 'Metacritic', 'Value': '70/100'}]",70,6.8,"60,810",tt0163988,movie,09 May 2000,N/A,Paramount Pictures,N/A,True
8MM,1999,R,26 Feb 1999,123 min,"Mystery, Thriller",Joel Schumacher,Andrew Kevin Walker,"Nicolas Cage, Joaquin Phoenix, James Gandolfini, Peter Stormare","A private investigator is hired to discover if a ""snuff film"" is authentic or not.",English,"Germany, USA",2 wins & 2 nominations.,https://m.media-amazon.com/images/M/MV5BNTNiMzAxZGMtZGYwZi00NWVmLTgyNmYtMGIwZGJhNzE0NmJjXkEyXkFqcGdeQXVyNzkwMjQ5NzM@._V1_SX300.jpg,"[{'Source': 'Internet Movie Database', 'Value': '6.5/10'}, {'Source': 'Rotten Tomatoes', 'Value': '22%'}, {'Source': 'Metacritic', 'Value': '19/100'}]",19,6.5,"118,576",tt0134273,movie,22 May 2001,N/A,Columbia Pictures,N/A,True
Snake Eyes,1998,R,07 Aug 1998,98 min,"Crime, Mystery, Thriller",Brian De Palma,"Brian De Palma (story), David Koepp (story), David Koepp (screenplay)","Nicolas Cage, Gary Sinise, John Heard, Carla Gugino",A shady police detective finds himself in the middle of a murder conspiracy at an important boxing match in an Atlantic City casino.,English,"USA, Canada",1 win & 3 nominations.,https://m.media-amazon.com/images/M/MV5BNmZiODkzNWEtNDkxZC00NDg2LWFiYzktZjY2ZmUwMmM2ZmJlXkEyXkFqcGdeQXVyNTAyODkwOQ@@._V1_SX300.jpg,"[{'Source': 'Internet Movie Database', 'Value': '6.0/10'}, {'Source': 'Rotten Tomatoes', 'Value': '40%'}, {'Source': 'Metacritic', 'Value': '52/100'}]",52,6.0,"73,153",tt0120832,movie,16 Feb 1999,N/A,Paramount Pictures,N/A,True
City of Angels,1998,PG-13,10 Apr 1998,114 min,"Drama, Fantasy, Romance",Brad Silberling,"Wim Wenders (screenplay ""Der Himmel über Berlin""), Peter Handke (screenplay ""Der Himmel über Berlin""), Richard Reitinger (screenplay ""Der Himmel über Berlin""), Dana Stevens (screenplay)","Nicolas Cage, Meg Ryan, Andre Braugher, Dennis Franz","An angel on Earth, a doctor unable to believe, a patient with a secret, a love story made in Heaven.",English,"USA, Germany",Nominated for 1 Golden Globe. Another 10 wins & 13 nominations.,https://m.media-amazon.com/images/M/MV5BZjk2OTEwNDEtNjVhYi00MzI3LWFhNzctZGUzOWMxMDMwZjJlXkEyXkFqcGdeQXVyMTQxNzMzNDI@._V1_SX300.jpg,"[{'Source': 'Internet Movie Database', 'Value': '6.7/10'}, {'Source': 'Metacritic', 'Value': '54/100'}]",54,6.7,"109,651",tt0120632,movie,19 Mar 2002,N/A,N/A,N/A,True
Face/Off,1997,R,27 Jun 1997,138 min,"Action, Crime, Sci-Fi, Thriller",John Woo,"Mike Werb, Michael Colleary","John Travolta, Nicolas Cage, Joan Allen, Alessandro Nivola","In order to foil a terrorist plot, an FBI agent undergoes facial transplant surgery and assumes the identity of a criminal mastermind, who murdered his only son. The plan turns sour when the criminal wakes up prematurely and seeks revenge.","English, Latin",USA,Nominated for 1 Oscar. Another 11 wins & 21 nominations.,https://m.media-amazon.com/images/M/MV5BYzFjNzIxMmEtMzY5NS00YTgzLTkwYWEtN2FjMmY0NmNkZWY3XkEyXkFqcGdeQXVyMTQxNzMzNDI@._V1_SX300.jpg,"[{'Source': 'Internet Movie Database', 'Value': '7.3/10'}, {'Source': 'Rotten Tomatoes', 'Value': '92%'}, {'Source': 'Metacritic', 'Value': '82/100'}]",82,7.3,"335,884",tt0119094,movie,06 Oct 1998,N/A,Paramount Pictures,N/A,True
Con Air,1997,R,06 Jun 1997,115 min,"Action, Crime, Thriller",Simon West,Scott Rosenberg,"Colm Meaney, Mykelti Williamson, Nick Chinlund, Renoly Santiago",Newly paroled ex-con and former U.S. Ranger Cameron Poe finds himself trapped in a prisoner transport plane when the passengers seize control.,"English, Spanish",USA,Nominated for 2 Oscars. Another 7 wins & 9 nominations.,https://m.media-amazon.com/images/M/MV5BMGZmNGIxMTYtMmVjMy00YzhkLWIyOTktNTExZGFiYjNiNzdlXkEyXkFqcGdeQXVyMTQxNzMzNDI@._V1_SX300.jpg,"[{'Source': 'Internet Movie Database', 'Value': '6.9/10'}, {'Source': 'Rotten Tomatoes', 'Value': '55%'}, {'Source': 'Metacritic', 'Value': '52/100'}]",52,6.9,"264,029",tt0118880,movie,24 Mar 1998,N/A,Disney,N/A,True
The Rock,1996,R,07 Jun 1996,136 min,"Action, Adventure, Thriller",Michael Bay,"David Weisberg (story), Douglas Cook (story), David Weisberg (screenplay), Douglas Cook (screenplay), Mark Rosner (screenplay)","Sean Connery, Nicolas Cage, Ed Harris, John Spencer","A mild-mannered chemist and an ex-con must lead the counterstrike when a rogue group of military men, led by a renegade general, threaten a nerve gas attack from Alcatraz against San Francisco.",English,USA,Nominated for 1 Oscar. Another 9 wins & 8 nominations.,https://m.media-amazon.com/images/M/MV5BZDJjOTE0N2EtMmRlZS00NzU0LWE0ZWQtM2Q3MWMxNjcwZjBhXkEyXkFqcGdeQXVyNDk3NzU2MTQ@._V1_SX300.jpg,"[{'Source': 'Internet Movie Database', 'Value': '7.4/10'}, {'Source': 'Rotten Tomatoes', 'Value': '66%'}, {'Source': 'Metacritic', 'Value': '58/100'}]",58,7.4,"300,428",tt0117500,movie,02 Dec 1997,N/A,Disney,N/A,True
Leaving Las Vegas,1995,R,09 Feb 1996,111 min,"Drama, Romance",Mike Figgis,"John O'Brien (based upon the novel by), Mike Figgis (screenplay by)","Nicolas Cage, Elisabeth Shue, Julian Sands, Richard Lewis","Ben Sanderson, a Hollywood screenwriter who lost everything because of his alcoholism, arrives in Las Vegas to drink himself to death. There, he meets and forms an uneasy friendship and non-interference pact with prostitute Sera..","English, Russian","France, UK, USA",Won 1 Oscar. Another 31 wins & 28 nominations.,https://m.media-amazon.com/images/M/MV5BNDg3MDM5NTI0MF5BMl5BanBnXkFtZTcwNDY0NDk0NA@@._V1_SX300.jpg,"[{'Source': 'Internet Movie Database', 'Value': '7.5/10'}, {'Source': 'Rotten Tomatoes', 'Value': '90%'}, {'Source': 'Metacritic', 'Value': '82/100'}]",82,7.5,"109,729",tt0113627,movie,24 Feb 1998,N/A,United Artists,N/A,True
Kiss of Death,1995,R,21 Apr 1995,101 min,"Action, Crime, Thriller",Barbet Schroeder,"Eleazar Lipsky (story), Ben Hecht, Charles Lederer, Richard Price (screenplay)","David Caruso, Samuel L. Jackson, Nicolas Cage, Helen Hunt",A reformed convict goes undercover with the help of an angry detective to ensnare a psychotic mobster.,English,USA,1 nomination.,https://m.media-amazon.com/images/M/MV5BYTlhZWU3ZjAtNjFkZS00NWQ3LTliOGYtOGZlN2VhOGUxZDRmXkEyXkFqcGdeQXVyNjU0NTI0Nw@@._V1_SX300.jpg,"[{'Source': 'Internet Movie Database', 'Value': '5.9/10'}, {'Source': 'Rotten Tomatoes', 'Value': '68%'}]",N/A,5.9,"16,308",tt0113552,movie,01 Jun 2004,N/A,Twentieth Century Fox Home Entertainment,N/A,True
Trapped in Paradise,1994,PG-13,02 Dec 1994,111 min,"Adventure, Comedy, Crime, Romance",George Gallo,George Gallo,"Nicolas Cage, Richard B. Shull, Jon Lovitz, Dana Carvey",Residents of a friendly Pennsylvania town foil three brothers' plan to rob a bank on Christmas Eve.,English,USA,N/A,https://m.media-amazon.com/images/M/MV5BYjc0YzllMzktMDYyNS00YWRlLWJiOTYtODExYTkzZTI3YTBhXkEyXkFqcGdeQXVyNzc5MjA3OA@@._V1_SX300.jpg,"[{'Source': 'Internet Movie Database', 'Value': '6.0/10'}, {'Source': 'Rotten Tomatoes', 'Value': '10%'}]",N/A,6.0,"11,832",tt0111477,movie,01 Jun 2004,N/A,Twentieth Century Fox Home Entertainment,N/A,True
It Could Happen to You,1994,PG,29 Jul 1994,101 min,"Comedy, Drama, Romance",Andrew Bergman,Jane Anderson,"Nicolas Cage, Bridget Fonda, Rosie Perez, Wendell Pierce",A police officer promises to share his lottery ticket with a waitress in lieu of a tip.,"English, Spanish",USA,N/A,https://m.media-amazon.com/images/M/MV5BYzMxOGUzOWEtMGUxMi00ZWM1LWE3ODgtNzc4OGVjZmJhMmFmXkEyXkFqcGdeQXVyODY0NzcxNw@@._V1_SX300.jpg,"[{'Source': 'Internet Movie Database', 'Value': '6.3/10'}, {'Source': 'Rotten Tomatoes', 'Value': '71%'}, {'Source': 'Metacritic', 'Value': '64/100'}]",64,6.3,"33,368",tt0110167,movie,30 Oct 2001,N/A,Sony Pictures Home Entertainment,N/A,True
Guarding Tess,1994,PG-13,11 Mar 1994,96 min,"Comedy, Drama",Hugh Wilson,"Hugh Wilson, Pj Torokvei","Shirley MacLaine, Nicolas Cage, Austin Pendleton, Edward Albert","A former U.S. First Lady wants a particular Secret Service agent to head her bodyguard detail, even though he can't stand her.",English,USA,Nominated for 1 Golden Globe. Another 1 nomination.,https://m.media-amazon.com/images/M/MV5BNzFkM2RiNWQtOWQxNy00ZWNmLWIyZTktNmJjZmY1ZTliZjU1XkEyXkFqcGdeQXVyNzc5MjA3OA@@._V1_SX300.jpg,"[{'Source': 'Internet Movie Database', 'Value': '6.2/10'}, {'Source': 'Rotten Tomatoes', 'Value': '57%'}, {'Source': 'Metacritic', 'Value': '46/100'}]",46,6.2,"14,908",tt0109951,movie,14 Apr 1998,N/A,Sony Pictures Home Entertainment,N/A,True
Deadfall,1993,R,08 Oct 1993,98 min,"Crime, Drama",Christopher Coppola,"Christopher Coppola, Nick Vallelonga","Michael Biehn, Sarah Trigger, Nicolas Cage, James Coburn","When Joe loses his dad in a sting, he contacts his dad's twin, Lou, who has a major sting planned. Lou's helper feels threatened by Joe. Who's conning who?",English,USA,N/A,https://m.media-amazon.com/images/M/MV5BMjEwMDcxMDc5OF5BMl5BanBnXkFtZTYwNzk5MTU5._V1_SX300.jpg,"[{'Source': 'Internet Movie Database', 'Value': '4.0/10'}, {'Source': 'Rotten Tomatoes', 'Value': '0%'}]",N/A,4.0,"2,721",tt0106684,movie,29 Jul 2008,N/A,Trimark,N/A,True
Red Rock West,1993,R,14 May 1993,98 min,"Crime, Drama, Thriller",John Dahl,"John Dahl, Rick Dahl","Nicolas Cage, Craig Reay, Vance Johnson, Robert Apel","Upon arriving to a small town, a drifter is mistaken for a hitman, but when the real hitman arrives, complications ensue.",English,USA,3 nominations.,https://m.media-amazon.com/images/M/MV5BNzhiMTQxYzMtOWI4NS00NWJiLWE5MDMtMmIzNjMxODNjZjBlXkEyXkFqcGdeQXVyNzQ1ODk3MTQ@._V1_SX300.jpg,"[{'Source': 'Internet Movie Database', 'Value': '7.0/10'}, {'Source': 'Rotten Tomatoes', 'Value': '95%'}, {'Source': 'Metacritic', 'Value': '79/100'}]",79,7.0,"19,152",tt0105226,movie,10 Aug 1999,N/A,Sony Pictures Home Entertainment,N/A,True
Amos & Andrew,1993,PG-13,05 Mar 1993,96 min,"Comedy, Crime",E. Max Frye,E. Max Frye,"Samuel L. Jackson, Michael Lerner, Margaret Colin, Nicolas Cage","A Pulitzer prize writer buys a cabin. The neighbors get suspicious when a stranger ""breaks in"". They see a black man and call the police, who start shooting at him. The sheriff tries a cover-up involving a white petty crook. Bad idea.","English, Spanish",USA,N/A,https://m.media-amazon.com/images/M/MV5BNTZhNzhmNWEtNjllOC00YjE1LWE1ZDUtYTk4MzUwZTk0Y2IyXkEyXkFqcGdeQXVyNzc5MjA3OA@@._V1_SX300.jpg,"[{'Source': 'Internet Movie Database', 'Value': '5.7/10'}, {'Source': 'Rotten Tomatoes', 'Value': '20%'}]",N/A,5.7,"8,193",tt0106266,movie,22 May 2001,N/A,Sony Pictures Home Entertainment,N/A,True
Honeymoon in Vegas,1992,PG-13,28 Aug 1992,96 min,"Comedy, Romance, Thriller",Andrew Bergman,Andrew Bergman,"James Caan, Nicolas Cage, Sarah Jessica Parker, Pat Morita","Jack loses $65000 in poker in Las Vegas, where he's marrying Betsy. The wedding'll have to wait as the poker winner wants the weekend with Betsy to cancel the debt. She accepts. Whom will she marry?","English, Hawaiian",USA,Nominated for 2 Golden Globes. Another 2 nominations.,https://m.media-amazon.com/images/M/MV5BYzA3ODllYTgtMWM4NC00MmNiLThhYTctNzdkNTQzZTA4YmM1XkEyXkFqcGdeQXVyNjMwMjk0MTQ@._V1_SX300.jpg,"[{'Source': 'Internet Movie Database', 'Value': '5.8/10'}, {'Source': 'Rotten Tomatoes', 'Value': '63%'}]",N/A,5.8,"16,305",tt0104438,movie,15 May 2001,N/A,Sony Pictures Home Entertainment,N/A,True
Zandalee,1991,R,09 May 1991,100 min,"Drama, Romance, Thriller",Sam Pillsbury,Mari Kornhauser,"Nicolas Cage, Judge Reinhold, Erika Anderson, Joe Pantoliano","Thierry's wife Zandalee married the poet, he once was. Taking over his dad's company in New Orleans gives him stress and impotence. Thierry meets his high school buddy Johnny at a bachelor party. The painter Johnny can satisfy Zandalee.",English,USA,N/A,https://m.media-amazon.com/images/M/MV5BNzg5ODRlMjMtYmExYi00Y2NlLThhNmEtNzlhNWYyZjg4MDk2XkEyXkFqcGdeQXVyNjU0NTI0Nw@@._V1_SX300.jpg,"[{'Source': 'Internet Movie Database', 'Value': '4.4/10'}, {'Source': 'Rotten Tomatoes', 'Value': '33%'}]",N/A,4.4,"3,259",tt0101004,movie,26 Apr 2005,N/A,Live Home Video,N/A,True
Industrial Symphony No. 1: The Dream of the Brokenhearted,1990,N/A,N/A,50 min,"Drama, Fantasy, Music",David Lynch,N/A,"Laura Dern, Nicolas Cage, Julee Cruise, Lisa Giobbi","The performer of Twin Peaks theme Julee Cruise's experimental concert film, which opens with a short intro where a man breaks up with his girl over the phone, which devastates her. The concert is set in her nightmarish subconscious mind.",English,USA,N/A,https://m.media-amazon.com/images/M/MV5BYjczNzFjOTktZGRmNS00Yjc3LTgzNGEtMDQxZWY4MjUwMjkzXkEyXkFqcGdeQXVyMzU0NzkwMDg@._V1_SX300.jpg,"[{'Source': 'Internet Movie Database', 'Value': '7.0/10'}]",N/A,7.0,"1,538",tt0099844,movie,N/A,N/A,Warner Reprise Video,N/A,True
Fire Birds,1990,PG-13,25 May 1990,85 min,"Action, Adventure",David Green,"Step Tyner (story), John K. Swensson (story), Dale Dye (story), Nick Thiel (screenplay), Paul F. Edwards (screenplay)","Nicolas Cage, Tommy Lee Jones, Sean Young, Bryan Kestner",Elite Apache helicopter pilots are tasked with destroying powerful armed drug cartels operating in South America.,English,USA,N/A,https://m.media-amazon.com/images/M/MV5BMDFlOTI3YjEtOTZjNS00ZDc0LTgyZmMtM2QzMzU1ZDcyMTU2XkEyXkFqcGdeQXVyMjY3MjUzNDk@._V1_SX300.jpg,"[{'Source': 'Internet Movie Database', 'Value': '4.8/10'}, {'Source': 'Rotten Tomatoes', 'Value': '10%'}]",N/A,4.8,"5,642",tt0099575,movie,03 Feb 2004,N/A,Touchstone Pictures,N/A,True
Wild at Heart,1990,R,17 Aug 1990,125 min,"Comedy, Crime, Drama, Thriller",David Lynch,"Barry Gifford (novel), David Lynch (screenplay)","Nicolas Cage, Laura Dern, Willem Dafoe, J.E. Freeman",Young lovers Sailor and Lula run from the variety of weirdos that Lula's mom has hired to kill Sailor.,"English, Spanish",USA,Nominated for 1 Oscar. Another 4 wins & 10 nominations.,https://m.media-amazon.com/images/M/MV5BMjAxYmJhMTMtNmZlZi00ZWJlLTlmMjctOTg5ZTg4MzZmOWM2XkEyXkFqcGdeQXVyMTQxNzMzNDI@._V1_SX300.jpg,"[{'Source': 'Internet Movie Database', 'Value': '7.2/10'}, {'Source': 'Rotten Tomatoes', 'Value': '65%'}, {'Source': 'Metacritic', 'Value': '52/100'}]",52,7.2,"77,814",tt0100935,movie,07 Dec 2004,N/A,Media Home Entertainment,N/A,True
Time to Kill,1989,PG-13,27 Oct 1989,110 min,"Drama, War",Giuliano Montaldo,"Ennio Flaiano (novel), Giuliano Montaldo, Furio Scarpelli, Giacomo Scarpelli, Paolo Virzì","Nicolas Cage, Ricky Tognazzi, Patrice-Flora Praxo, Gianluca Favilla","1936, Italian army is invading Ethiopia. Lieutenant Silvestri suffering toothache decides to reach the nearest camp hospital. But the lorry has an accident and stop near a rock, so ...","Italian, English","Italy, France",N/A,https://m.media-amazon.com/images/M/MV5BODcyZTA3Y2UtYWE3ZC00ZGM1LWE0NTktYWY4M2M4MWQzNTA5XkEyXkFqcGdeQXVyMTMxMTY0OTQ@._V1_SX300.jpg,"[{'Source': 'Internet Movie Database', 'Value': '5.1/10'}]",N/A,5.1,604,tt0100762,movie,10 Sep 2002,N/A,MoMedia,N/A,True
Never on Tuesday,1989,R,13 Apr 1989,90 min,"Comedy, Drama",Adam Rifkin,Adam Rifkin,"Claudia Christian, Andrew Lauer, Peter Berg, Dave Anderson","After their cars crash on a desert highway in the middle of nowhere, two friends and a woman they both like must wait for someone to stop by and help them. Unfortunately, those who do stop turn out to be criminals, eccentrics or wackos.",English,USA,N/A,https://m.media-amazon.com/images/M/MV5BMTg5MzQxNTYxMl5BMl5BanBnXkFtZTgwNjk1ODk1MDE@._V1_SX300.jpg,"[{'Source': 'Internet Movie Database', 'Value': '4.6/10'}]",N/A,4.6,515,tt0095722,movie,N/A,N/A,Cinema Group,N/A,True
Vampire's Kiss,1988,R,16 Jun 1989,103 min,"Comedy, Horror",Robert Bierman,Joseph Minion,"Nicolas Cage, Maria Conchita Alonso, Jennifer Beals, Elizabeth Ashley","After an encounter with a neck-biter, a publishing executive thinks that he's turning into a vampire.","English, German",USA,1 win & 2 nominations.,https://m.media-amazon.com/images/M/MV5BMTM1MDAyMDYxMV5BMl5BanBnXkFtZTcwNDQwMzc3NA@@._V1_SX300.jpg,"[{'Source': 'Internet Movie Database', 'Value': '6.0/10'}, {'Source': 'Rotten Tomatoes', 'Value': '61%'}, {'Source': 'Metacritic', 'Value': '31/100'}]",31,6.0,"12,960",tt0098577,movie,27 Aug 2002,N/A,MGM,N/A,True
Moonstruck,1987,PG,15 Jan 1988,102 min,"Comedy, Drama, Romance",Norman Jewison,John Patrick Shanley,"Cher, Nicolas Cage, Vincent Gardenia, Olympia Dukakis","Loretta Castorini, a bookkeeper from Brooklyn, New York, finds herself in a difficult situation when she falls for the brother of the man she has agreed to marry.","English, Italian, Latin",USA,Won 3 Oscars. Another 15 wins & 19 nominations.,https://m.media-amazon.com/images/M/MV5BMjIwMDY0NzYyMF5BMl5BanBnXkFtZTcwOTE5NDk0NA@@._V1_SX300.jpg,"[{'Source': 'Internet Movie Database', 'Value': '7.1/10'}, {'Source': 'Rotten Tomatoes', 'Value': '93%'}, {'Source': 'Metacritic', 'Value': '83/100'}]",83,7.1,"45,696",tt0093565,movie,30 Jun 1998,N/A,MGM Home Entertainment,N/A,True
Raising Arizona,1987,PG-13,17 Apr 1987,94 min,"Comedy, Crime","Joel Coen, Ethan Coen","Ethan Coen, Joel Coen","Nicolas Cage, Holly Hunter, Trey Wilson, John Goodman","When a childless couple of an ex-con and an ex-cop decide to help themselves to one of another family's quintuplets, their lives become more complicated than they anticipated.",English,USA,4 nominations.,https://m.media-amazon.com/images/M/MV5BOGUwZTEwZTYtZmQ0OS00NmM1LWE2ZTQtNjZiYmE4ZmUxMjk1XkEyXkFqcGdeQXVyMTQxNzMzNDI@._V1_SX300.jpg,"[{'Source': 'Internet Movie Database', 'Value': '7.3/10'}, {'Source': 'Rotten Tomatoes', 'Value': '91%'}, {'Source': 'Metacritic', 'Value': '68/100'}]",68,7.3,"120,092",tt0093822,movie,03 Aug 1999,N/A,20th Century Fox,N/A,True
Peggy Sue Got Married,1986,PG-13,10 Oct 1986,103 min,"Comedy, Drama, Fantasy, Romance",Francis Ford Coppola,"Jerry Leichtling, Arlene Sarner","Kathleen Turner, Nicolas Cage, Barry Miller, Catherine Hicks","Peggy Sue faints at a high school reunion. When she wakes up, she finds herself in her own past, just before she finished school.",English,USA,Nominated for 3 Oscars. Another 4 wins & 8 nominations.,https://m.media-amazon.com/images/M/MV5BYjg2MzE1MzQtZDY2My00YzU2LThjNmMtODY5YTU5ZDQ2MzAzXkEyXkFqcGdeQXVyMTA0MjU0Ng@@._V1_SX300.jpg,"[{'Source': 'Internet Movie Database', 'Value': '6.3/10'}, {'Source': 'Rotten Tomatoes', 'Value': '85%'}, {'Source': 'Metacritic', 'Value': '74/100'}]",74,6.3,"30,988",tt0091738,movie,11 Aug 1998,N/A,Twentieth Century Fox Home Entertainment,N/A,True
The Boy in Blue,1986,R,17 Jan 1986,100 min,"Biography, Drama, Sport",Charles Jarrott,Douglas Bowie,"Nicolas Cage, Cynthia Dale, Christopher Plummer, David Naughton","Based on the life of Ned Hanlan, the late-19th century Canadian sculler and world champion. Hanlan was one of the first scullers to successfully utilize the ""sliding seat.""",English,Canada,3 nominations.,https://m.media-amazon.com/images/M/MV5BMTk4ZTNkNWQtMGM3OS00ZjE0LTg2ZmMtMGFmNjI3MGJlN2FlXkEyXkFqcGdeQXVyMjIzMTQ5NjE@._V1_SX300.jpg,"[{'Source': 'Internet Movie Database', 'Value': '5.3/10'}]",N/A,5.3,"1,000",tt0090769,movie,07 Feb 2006,N/A,Twentieth Century Fox Home Entertainment,N/A,True
Birdy,1984,R,21 Dec 1984,120 min,"Drama, War",Alan Parker,"William Wharton (based on the novel by), Sandy Kroopf (screenplay), Jack Behr (screenplay)","Matthew Modine, Nicolas Cage, John Harkins, Sandy Baron",After two friends return home from the Vietnam War one becomes mentally unstable and obsesses with becoming a bird.,English,USA,3 wins & 1 nomination.,https://m.media-amazon.com/images/M/MV5BNTVmZmQ3NzgtNDhlNi00NDY2LWFhN2YtMDRhOGY0M2U3ZTc4XkEyXkFqcGdeQXVyNjMwMjk0MTQ@._V1_SX300.jpg,"[{'Source': 'Internet Movie Database', 'Value': '7.3/10'}, {'Source': 'Rotten Tomatoes', 'Value': '85%'}]",N/A,7.3,"20,318",tt0086969,movie,15 Feb 2000,N/A,Sony Pictures Home Entertainment,N/A,True
The Cotton Club,1984,R,14 Dec 1984,127 min,"Crime, Drama, Music",Francis Ford Coppola,"William Kennedy (screenplay), Francis Ford Coppola (screenplay), William Kennedy (story), Francis Ford Coppola (story), Mario Puzo (story), Jim Haskins (pictorial history ""The Cotton Club"")","Richard Gere, Gregory Hines, Diane Lane, Lonette McKee","The Cotton Club was a famous Harlem nightclub. This is the story of the people who visited this club as well as the people who ran it, and the film is generously peppered with the jazz ...","English, Italian",USA,Nominated for 2 Oscars. Another 1 win & 6 nominations.,https://m.media-amazon.com/images/M/MV5BMWU2NGMxNTctNDc4MC00ZTdkLTlhYjItMTRjMmMxZDBjZTMwXkEyXkFqcGdeQXVyNDkzNTM2ODg@._V1_SX300.jpg,"[{'Source': 'Internet Movie Database', 'Value': '6.5/10'}, {'Source': 'Rotten Tomatoes', 'Value': '75%'}, {'Source': 'Metacritic', 'Value': '68/100'}]",68,6.5,"15,455",tt0087089,movie,19 Jan 2000,N/A,Nelson Entertainment,N/A,True
Racing with the Moon,1984,PG,23 Mar 1984,108 min,"Comedy, Drama, Romance",Richard Benjamin,Steve Kloves,"Sean Penn, Elizabeth McGovern, Nicolas Cage, John Karlen","In 1942 California, two young men await induction into the U.S. Marines and say goodbye to their girlfriends.",English,USA,1 win.,https://m.media-amazon.com/images/M/MV5BOTBlOTIyNzAtZjQ3NC00MzA3LWFiNjktYjYyZjBkMDNjMDlmXkEyXkFqcGdeQXVyMzU4Nzk4MDI@._V1_SX300.jpg,"[{'Source': 'Internet Movie Database', 'Value': '6.7/10'}, {'Source': 'Rotten Tomatoes', 'Value': '60%'}]",N/A,6.7,"3,853",tt0087968,movie,30 Nov 2004,N/A,Paramount Home Video,N/A,True
Rumble Fish,1983,R,21 Oct 1983,94 min,"Crime, Drama, Romance",Francis Ford Coppola,"S.E. Hinton (novel), S.E. Hinton (screenplay), Francis Ford Coppola (screenplay)","Matt Dillon, Mickey Rourke, Diane Lane, Dennis Hopper","Rusty James, an absent-minded street thug struggles to live up to his legendary older brother's reputation, and longs for the days when gang warfare was going on.",English,USA,Nominated for 1 Golden Globe. Another 3 wins & 2 nominations.,https://m.media-amazon.com/images/M/MV5BYjVkNjczZDEtZGQyZS00ZWUyLWFmMzctMzE5YjM1YTczZTE3L2ltYWdlL2ltYWdlXkEyXkFqcGdeQXVyNjc1NTYyMjg@._V1_SX300.jpg,"[{'Source': 'Internet Movie Database', 'Value': '7.2/10'}, {'Source': 'Rotten Tomatoes', 'Value': '70%'}, {'Source': 'Metacritic', 'Value': '63/100'}]",63,7.2,"30,114",tt0086216,movie,08 Sep 1998,N/A,Universal Pictures,N/A,True
Valley Girl,1983,R,29 Apr 1983,99 min,"Comedy, Romance",Martha Coolidge,"Andrew Lane, Wayne Crawford","Nicolas Cage, Deborah Foreman, Elizabeth Daily, Michael Bowen","Julie, a girl from the valley, meets Randy, a punk from the city. They are from different worlds and find love. Somehow they need to stay together in spite of her trendy, shallow friends.",English,USA,N/A,https://m.media-amazon.com/images/M/MV5BMjA4NzI5OTgyMV5BMl5BanBnXkFtZTgwODgwNjU1MDE@._V1_SX300.jpg,"[{'Source': 'Internet Movie Database', 'Value': '6.4/10'}, {'Source': 'Metacritic', 'Value': '66/100'}]",66,6.4,"12,171",tt0086525,movie,01 Mar 2005,N/A,MGM Home Entertainment,N/A,True
Fast Times at Ridgemont High,1982,R,13 Aug 1982,90 min,"Comedy, Drama",Amy Heckerling,"Cameron Crowe (screenplay), Cameron Crowe (book)","Sean Penn, Jennifer Jason Leigh, Judge Reinhold, Robert Romanus","A group of Southern California high school students are enjoying their most important subjects: sex, drugs, and rock n' roll.",English,USA,1 win & 1 nomination.,https://m.media-amazon.com/images/M/MV5BYzBlZjE1MDctYjZmZC00ZTJmLWFkOWEtYjdmZDZkODBkZmI2XkEyXkFqcGdeQXVyNjQ2MjQ5NzM@._V1_SX300.jpg,"[{'Source': 'Internet Movie Database', 'Value': '7.2/10'}, {'Source': 'Rotten Tomatoes', 'Value': '78%'}, {'Source': 'Metacritic', 'Value': '67/100'}]",67,7.2,"88,281",tt0083929,movie,02 Nov 2004,N/A,Universal Pictures,N/A,True
Best of Times,1981,N/A,N/A,95 min,Comedy,Don Mischer,"Bob Arnott, Carol Hatfield, Lane Sarasohn","Crispin Glover, Jill Schoelen, Nicolas Cage, Julie Piekarski","Here's the lives of 7 teenage friends in 1981, singing, dancing and breaking the 4th wall.",English,USA,N/A,https://m.media-amazon.com/images/M/MV5BNjZlYTFiMzgtZWYwMS00OTExLWI3YmQtYTc5YzlmYzJiMTI0XkEyXkFqcGdeQXVyMzU0NzkwMDg@._V1_SX300.jpg,"[{'Source': 'Internet Movie Database', 'Value': '5.5/10'}]",N/A,5.5,197,tt0082064,movie,N/A,N/A,N/A,N/A,True
